Id,GroundTruth,Category,OriginalText,Luna6_Modified,Luna6_LatencyMs,Luna6_PromptTok,Luna6_CompTok,Luna6_ReasonTok,Luna6_TotalTok,Luna6_CostUsd,Luna6_Output,Luna56_Modified,Luna56_LatencyMs,Luna56_PromptTok,Luna56_CompTok,Luna56_ReasonTok,Luna56_TotalTok,Luna56_CostUsd,Luna56_Output
1,False,"業務連絡","来週月曜日に予定されている第3四半期の全社キックオフミーティングですが、会場の都合により開始時刻が10時から10時半へと変更となりました。参加予定の皆様におかれましては、各自スケジュールの再確認をお願いいたします。資料は事前に共有フォルダへ格納済みです。",False,3124,239,149,48,388,0.000098,"来週月曜日に予定されている第3四半期の全社キックオフミーティングですが、会場の都合により開始時刻が10時から10時半へと変更となりました。参加予定の皆様におかれましては、各自スケジュールの再確認をお願いいたします。資料は事前に共有フォルダへ格納済みです。",True,2613,239,195,93,434,0.000282,"来週月曜日に予定されている第3四半期の全社キックオフミーティングですが、会場の都合により開始時刻が10時から10時半へと変更となりました。参加予定の皆様におかれましては、各自のスケジュールの再確認をお願いいたします。資料は事前に共有フォルダへ格納済みです。"
2,False,"製品サポート","平素より弊社クラウドサービスをご利用いただき誠にありがとうございます。本日発生いたしました一部リージョンでの接続遅延につきましては、ネットワーク機器の冗長化切り替えを実施し、14時30分現在、すべてのサービスが正常に稼働していることを確認いたしました。",False,6749,231,234,141,465,0.000140,"平素より弊社クラウドサービスをご利用いただき誠にありがとうございます。本日発生いたしました一部リージョンでの接続遅延につきましては、ネットワーク機器の冗長化切り替えを実施し、14時30分現在、すべてのサービスが正常に稼働していることを確認いたしました。",False,3304,231,189,96,420,0.000273,"平素より弊社クラウドサービスをご利用いただき誠にありがとうございます。本日発生いたしました一部リージョンでの接続遅延につきましては、ネットワーク機器の冗長化切り替えを実施し、14時30分現在、すべてのサービスが正常に稼働していることを確認いたしました。"
3,False,"仕様変更案内","セキュリティポリシーの改定に伴い、来月1日より外部連携APIの認証方式がOAuth2.0に一本化されます。現在旧来のAPIトークンを利用されているクライアントアプリケーションにつきましては、期日までに新方式への移行作業を完了していただきますようお願い申し上げます。",False,2524,239,204,103,443,0.000126,"セキュリティポリシーの改定に伴い、来月1日より外部連携APIの認証方式がOAuth2.0に一本化されます。現在旧来のAPIトークンを利用されているクライアントアプリケーションにつきましては、期日までに新方式への移行作業を完了していただきますようお願い申し上げます。",True,4250,239,97,0,336,0.000164,"セキュリティポリシーの改定に伴い、来月1日より外部連携APIの認証方式がOAuth 2.0に一本化されます。現在、旧来のAPIトークンを利用されているクライアントアプリケーションにつきましては、期日までに新方式への移行作業を完了していただきますようお願い申し上げます。"
4,False,"プロジェクト進捗","顧客向けポータルサイトのリニューアル案件ですが、フロントエンドの実装が順調に進んでおり、予定通り今週末より結合テスト環境での動作検証フェーズへ移行いたします。バックエンド側のAPI結合も完了しており、現時点でクリティカルな課題は発生しておりません。",False,1956,241,159,56,400,0.000104,"顧客向けポータルサイトのリニューアル案件ですが、フロントエンドの実装が順調に進んでおり、予定通り今週末より結合テスト環境での動作検証フェーズへ移行いたします。バックエンド側のAPI結合も完了しており、現時点でクリティカルな課題は発生しておりません。",True,1785,241,98,0,339,0.000166,"顧客向けポータルサイトのリニューアル案件ですが、フロントエンドの実装が順調に進んでおり、予定どおり今週末より結合テスト環境での動作検証フェーズへ移行いたします。バックエンド側のAPI結合も完了しており、現時点でクリティカルな課題は発生しておりません。"
5,False,"総務通知","オフィスビルの定期電気設備点検に伴い、今週日曜日の終日にわたり社内ネットワークおよび執務室の電源が一時停止いたします。当日は終日入館規制が実施されますので、休日出勤はご遠慮ください。リモートワーク環境からの社内VPN接続も利用不可となります。",False,1993,239,144,43,383,0.000096,"オフィスビルの定期電気設備点検に伴い、今週日曜日の終日にわたり社内ネットワークおよび執務室の電源が一時停止いたします。当日は終日入館規制が実施されますので、休日出勤はご遠慮ください。リモートワーク環境からの社内VPN接続も利用不可となります。",False,3855,239,337,236,576,0.000452,"オフィスビルの定期電気設備点検に伴い、今週日曜日の終日にわたり社内ネットワークおよび執務室の電源が一時停止いたします。当日は終日入館規制が実施されますので、休日出勤はご遠慮ください。リモートワーク環境からの社内VPN接続も利用不可となります。"
6,False,"採用連絡","この度は弊社のキャリア採用選考にご応募いただき、誠にありがとうございました。慎重なる書類選考の結果、ぜひ次のステップとしてWeb適性検査および一次面接をご案内したく存じます。つきましては、下記の日程候補の中からご都合の良い日時をご選択ください。",False,1995,232,160,66,392,0.000103,"この度は弊社のキャリア採用選考にご応募いただき、誠にありがとうございました。慎重なる書類選考の結果、ぜひ次のステップとしてWeb適性検査および一次面接をご案内したく存じます。つきましては、下記の日程候補の中からご都合の良い日時をご選択ください。",False,2543,232,163,69,395,0.000242,"この度は弊社のキャリア採用選考にご応募いただき、誠にありがとうございました。慎重なる書類選考の結果、ぜひ次のステップとしてWeb適性検査および一次面接をご案内したく存じます。つきましては、下記の日程候補の中からご都合の良い日時をご選択ください。"
7,False,"不具合報告","最新バージョン1.4.2にアップデートを行った環境において、PDF出力ボタンを押下した際にエラーダイアログが表示される事象が確認されました。ログ解析の結果、テンポラリフォルダのアクセス権限に起因することが判明したため、修正パッチの配布準備を進めています。",False,2487,240,226,124,466,0.000137,"最新バージョン1.4.2にアップデートを行った環境において、PDF出力ボタンを押下した際にエラーダイアログが表示される事象が確認されました。ログ解析の結果、テンポラリフォルダのアクセス権限に起因することが判明したため、修正パッチの配布準備を進めています。",False,2843,240,222,120,462,0.000314,"最新バージョン1.4.2にアップデートを行った環境において、PDF出力ボタンを押下した際にエラーダイアログが表示される事象が確認されました。ログ解析の結果、テンポラリフォルダのアクセス権限に起因することが判明したため、修正パッチの配布準備を進めています。"
8,False,"社内研修案内","来月より全社員を対象とした情報セキュリティ基礎研修を実施いたします。本研修はeラーニング形式となっており、受講期間内に各自のペースで履修いただく形となります。最終確認テストにて80点以上の獲得が修了条件となりますので、期限内の受講をお願いします。",False,2054,236,161,63,397,0.000104,"来月より全社員を対象とした情報セキュリティ基礎研修を実施いたします。本研修はeラーニング形式となっており、受講期間内に各自のペースで履修いただく形となります。最終確認テストにて80点以上の獲得が修了条件となりますので、期限内の受講をお願いします。",True,2924,236,195,99,431,0.000281,"来月より全社員を対象とした情報セキュリティ基礎研修を実施いたします。本研修はeラーニング形式となっており、受講期間内に各自のペースで履修いただく形となります。最終確認テストにて80点以上の取得が修了条件となりますので、期限内の受講をお願いします。"
9,False,"契約関連","先日ご送付いただきました機密保持契約書（NDA）のドラフトにつきまして、法務部門による確認が完了いたしました。条項の一部に修正の要望がございますので、修正履歴を反映した差分ファイルを本メールに添付いたします。内容をご確認のうえご返信ください。",False,1963,230,154,62,384,0.000100,"先日ご送付いただきました機密保持契約書（NDA）のドラフトにつきまして、法務部門による確認が完了いたしました。条項の一部に修正の要望がございますので、修正履歴を反映した差分ファイルを本メールに添付いたします。内容をご確認のうえご返信ください。",False,1869,230,132,40,362,0.000204,"先日ご送付いただきました機密保持契約書（NDA）のドラフトにつきまして、法務部門による確認が完了いたしました。条項の一部に修正の要望がございますので、修正履歴を反映した差分ファイルを本メールに添付いたします。内容をご確認のうえご返信ください。"
10,False,"営業日報","本日、株式会社A様を訪問し、新規導入予定の業務自動化ツールに関するデモンストレーションを実施いたしました。担当部署の部長様からも好意的な反応をいただいており、来週中に概算見積もりの提示とトライアル環境の提供を行う方向で話がまとまりました。",False,2034,236,158,60,394,0.000103,"本日、株式会社A様を訪問し、新規導入予定の業務自動化ツールに関するデモンストレーションを実施いたしました。担当部署の部長様からも好意的な反応をいただいており、来週中に概算見積もりの提示とトライアル環境の提供を行う方向で話がまとまりました。",False,2611,236,131,33,367,0.000204,"本日、株式会社A様を訪問し、新規導入予定の業務自動化ツールに関するデモンストレーションを実施いたしました。担当部署の部長様からも好意的な反応をいただいており、来週中に概算見積もりの提示とトライアル環境の提供を行う方向で話がまとまりました。"
11,False,"インフラ保守","定期メンテナンス作業の一環として、深夜2時よりデータベースサーバーのインデックス再構築およびバックアップ検証を実施いたします。作業中は断続的なクエリ応答遅延が発生する可能性がありますが、システム全体の停止を伴うものではございません。",False,2198,234,134,38,368,0.000090,"定期メンテナンス作業の一環として、深夜2時よりデータベースサーバーのインデックス再構築およびバックアップ検証を実施いたします。作業中は断続的なクエリ応答遅延が発生する可能性がありますが、システム全体の停止を伴うものではございません。",False,2325,234,90,0,324,0.000155,"定期メンテナンス作業の一環として、深夜2時よりデータベースサーバーのインデックス再構築およびバックアップ検証を実施いたします。作業中は断続的なクエリ応答遅延が発生する可能性がありますが、システム全体の停止を伴うものではございません。"
12,False,"イベント告知","来月開催予定の技術カンファレンスにおきまして、弊社エンジニアによるマイクロサービス移行事例の登壇セッションが決定いたしました。オンライン配信も同時に行われますので、ご興味のある方はイベント特設サイトより事前参加登録をお願いいたします。",False,2062,225,125,38,350,0.000085,"来月開催予定の技術カンファレンスにおきまして、弊社エンジニアによるマイクロサービス移行事例の登壇セッションが決定いたしました。オンライン配信も同時に行われますので、ご興味のある方はイベント特設サイトより事前参加登録をお願いいたします。",False,1569,225,81,0,306,0.000142,"来月開催予定の技術カンファレンスにおきまして、弊社エンジニアによるマイクロサービス移行事例の登壇セッションが決定いたしました。オンライン配信も同時に行われますので、ご興味のある方はイベント特設サイトより事前参加登録をお願いいたします。"
13,False,"経費精算通知","当月分の経費精算申請の締め切りは、今週金曜日の18時までとなっております。領収書の原本提出が必要な案件につきましては、経理部前の専用提出ボックスへ投函をお願いいたします。期日を過ぎた申請は翌月分の処理となりますのでご注意ください。",False,2063,233,150,55,383,0.000098,"当月分の経費精算申請の締め切りは、今週金曜日の18時までとなっております。領収書の原本提出が必要な案件につきましては、経理部前の専用提出ボックスへ投函をお願いいたします。期日を過ぎた申請は翌月分の処理となりますのでご注意ください。",False,1765,233,89,0,322,0.000153,"当月分の経費精算申請の締め切りは、今週金曜日の18時までとなっております。領収書の原本提出が必要な案件につきましては、経理部前の専用提出ボックスへ投函をお願いいたします。期日を過ぎた申請は翌月分の処理となりますのでご注意ください。"
14,False,"人事通達","新年度の人事異動および組織再編に伴う内示を社内ポータルサイトにて公開いたしました。対象となる社員の皆様には所属長より個別にご連絡を差し上げます。異動に伴う引継ぎ計画書の作成および提出期限は、来月中旬までとなっております。",False,2035,235,176,79,411,0.000111,"新年度の人事異動および組織再編に伴う内示を社内ポータルサイトにて公開いたしました。対象となる社員の皆様には所属長より個別にご連絡を差し上げます。異動に伴う引継ぎ計画書の作成および提出期限は、来月中旬までとなっております。",False,1981,235,140,43,375,0.000215,"新年度の人事異動および組織再編に伴う内示を社内ポータルサイトにて公開いたしました。対象となる社員の皆様には所属長より個別にご連絡を差し上げます。異動に伴う引継ぎ計画書の作成および提出期限は、来月中旬までとなっております。"
15,False,"リリース告知","モバイルアプリの最新版バージョン2.0をApp StoreおよびGoogle Playにて公開いたしました。本アップデートではダークモードへの対応と起動速度の大幅な改善が含まれております。ユーザーの皆様には自動更新または手動でのアップデートを推奨いたします。",True,2591,225,248,161,473,0.000147,"モバイルアプリの最新版バージョン2.0をApp StoreおよびGoogle Playにて公開いたしました。本アップデートにはダークモードへの対応と起動速度の大幅な改善が含まれております。ユーザーの皆様には自動更新または手動でのアップデートを推奨いたします。",False,2411,225,168,81,393,0.000247,"モバイルアプリの最新版バージョン2.0をApp StoreおよびGoogle Playにて公開いたしました。本アップデートではダークモードへの対応と起動速度の大幅な改善が含まれております。ユーザーの皆様には自動更新または手動でのアップデートを推奨いたします。"
16,True,"誤変換（同音異義語）","来週月曜日に予定されている第3四半期の全社キックオフミーティングですが、会場の都合により開始時刻が10時から10時半へと変更となりました。参加予定の皆様におかれましては、各自スケジュールの再確認をお願い足します。資料は事前に共有フォルダへ格納済みです。",True,1869,238,140,39,378,0.000094,"来週月曜日に予定されている第3四半期の全社キックオフミーティングですが、会場の都合により開始時刻が10時から10時半へと変更となりました。参加予定の皆様におかれましては、各自スケジュールの再確認をお願いいたします。資料は事前に共有フォルダへ格納済みです。",True,2306,238,127,26,365,0.000200,"来週月曜日に予定されている第3四半期の全社キックオフミーティングですが、会場の都合により開始時刻が10時から10時半へと変更となりました。参加予定の皆様におかれましては、各自スケジュールの再確認をお願いいたします。資料は事前に共有フォルダへ格納済みです。"
17,True,"脱字（助詞抜け）","平素より弊社クラウドサービスをご利用いただき誠にありがとうございます。本日発生いたしました一部リージョンでの接続遅延につきましては、ネットワーク機器冗長化切り替えを実施し、14時30分現在、すべてのサービスが正常に稼働していることを確認いたしました。",True,2324,230,225,132,455,0.000135,"平素より弊社クラウドサービスをご利用いただき誠にありがとうございます。本日発生いたしました一部リージョンでの接続遅延につきましては、ネットワーク機器の冗長化切り替えを実施し、14時30分現在、すべてのサービスが正常に稼働していることを確認いたしました。",True,2275,230,197,104,427,0.000282,"平素より弊社クラウドサービスをご利用いただき誠にありがとうございます。本日発生いたしました一部リージョンでの接続遅延につきましては、ネットワーク機器の冗長化切り替えを実施し、14時30分現在、すべてのサービスが正常に稼働していることを確認いたしました。"
18,True,"タイポ（促音抜け）","セキュリティポリシーの改定に伴い、来月1日より外部連携APIの認証方式がOAuth2.0に一本化されます。現在旧来のAPIトークンを利用されているクライアントアプリケションにつきましては、期日までに新方式への移行作業を完了していただきますようお願い申し上げます。",True,2405,239,156,55,395,0.000102,"セキュリティポリシーの改定に伴い、来月1日より外部連携APIの認証方式がOAuth2.0に一本化されます。現在旧来のAPIトークンを利用されているクライアントアプリケーションにつきましては、期日までに新方式への移行作業を完了していただきますようお願い申し上げます。",True,2180,239,134,33,373,0.000209,"セキュリティポリシーの改定に伴い、来月1日より外部連携APIの認証方式がOAuth2.0に一本化されます。現在旧来のAPIトークンを利用されているクライアントアプリケーションにつきましては、期日までに新方式への移行作業を完了していただきますようお願い申し上げます。"
19,True,"誤字（漢字の間違い）","顧客向けポータルサイトのリニューアル案件ですが、フロントエンドの実装が順調に進んでおり、予定通り今週末より結合テスト環境での動作検証フェーズへ移行いたします。バックエンド側のAPI結合も完了しており、現時点で批評的な課題は発生しておりません。",True,2765,241,264,163,505,0.000156,"顧客向けポータルサイトのリニューアル案件ですが、フロントエンドの実装が順調に進んでおり、予定通り今週末より結合テスト環境での動作検証フェーズへ移行いたします。バックエンド側のAPI結合も完了しており、現時点で重大な課題は発生しておりません。",True,2302,241,165,64,406,0.000246,"顧客向けポータルサイトのリニューアル案件ですが、フロントエンドの実装が順調に進んでおり、予定通り今週末より結合テスト環境での動作検証フェーズへ移行いたします。バックエンド側のAPI結合も完了しており、現時点で重大な課題は発生しておりません。"
20,True,"助詞の重複（重複入力）","オフィスビルの定期電気設備点検に伴い、今週日曜日の終日にわたり社内ネットワークおよび執務室の電源が一時停止いたします。当日は終日入館規制がが実施されますので、休日出勤はご遠慮ください。リモートワーク環境からの社内VPN接続も利用不可となります。",True,1910,240,127,26,367,0.000087,"オフィスビルの定期電気設備点検に伴い、今週日曜日の終日にわたり社内ネットワークおよび執務室の電源が一時停止いたします。当日は終日入館規制が実施されますので、休日出勤はご遠慮ください。リモートワーク環境からの社内VPN接続も利用不可となります。",True,1763,240,95,0,335,0.000162,"オフィスビルの定期電気設備点検に伴い、今週日曜日の終日にわたり社内ネットワークおよび執務室の電源が一時停止いたします。当日は終日入館規制が実施されますので、休日出勤はご遠慮ください。リモートワーク環境からの社内VPN接続も利用不可となります。"
21,True,"脱字（語尾の脱落）","この度は弊社のキャリア採用選考にご応募いただき、誠にありがとうございました。慎重なる書類選考の結果、ぜひ次のステップとしてWeb適性検査および一次面接をご案内したく存じま。つきましては、下記の日程候補の中からご都合の良い日時をご選択ください。",True,1810,232,121,27,353,0.000084,"この度は弊社のキャリア採用選考にご応募いただき、誠にありがとうございました。慎重なる書類選考の結果、ぜひ次のステップとしてWeb適性検査および一次面接をご案内したく存じます。つきましては、下記の日程候補の中からご都合の良い日時をご選択ください。",True,1801,232,127,33,359,0.000199,"この度は弊社のキャリア採用選考にご応募いただき、誠にありがとうございました。慎重なる書類選考の結果、ぜひ次のステップとしてWeb適性検査および一次面接をご案内したく存じます。つきましては、下記の日程候補の中からご都合の良い日時をご選択ください。"
22,True,"誤変換（同音異義語）","最新バージョン1.4.2にアップデートを行った環境において、PDF出力ボタンを押下した際にエラーダイアログが表示される事象が確認されました。ログ解析の結果、テンポラリフォルダのアクセス権限に起因することが判明したため、修正バッチの配布準備を進めています。",False,3132,240,220,118,460,0.000134,"最新バージョン1.4.2にアップデートを行った環境において、PDF出力ボタンを押下した際にエラーダイアログが表示される事象が確認されました。ログ解析の結果、テンポラリフォルダのアクセス権限に起因することが判明したため、修正バッチの配布準備を進めています。",False,3002,240,274,172,514,0.000377,"最新バージョン1.4.2にアップデートを行った環境において、PDF出力ボタンを押下した際にエラーダイアログが表示される事象が確認されました。ログ解析の結果、テンポラリフォルダのアクセス権限に起因することが判明したため、修正バッチの配布準備を進めています。"
23,True,"タイポ（同音漢字ミス）","来月より全社員を対象とした情報セキュリティ基礎研修を実施いたします。本研修はeラーニング形式となっており、受講期間内に各自のペースで履修いただく形となります。最終確認テストにて80点以上の獲得が修了条件となりますので、期限内の受項をお願いします。",True,2726,236,124,26,360,0.000086,"来月より全社員を対象とした情報セキュリティ基礎研修を実施いたします。本研修はeラーニング形式となっており、受講期間内に各自のペースで履修いただく形となります。最終確認テストにて80点以上の獲得が修了条件となりますので、期限内の受講をお願いします。",True,1849,236,113,15,349,0.000183,"来月より全社員を対象とした情報セキュリティ基礎研修を実施いたします。本研修はeラーニング形式となっており、受講期間内に各自のペースで履修いただく形となります。最終確認テストにて80点以上の獲得が修了条件となりますので、期限内の受講をお願いします。"
24,True,"送りがなの誤り","先日ご送付いただきました機密保持契約書（NDA）のドラフトにつきまして、法務部門による確認が完了いたしました。条項の一部に修正の要望がございますので、修正履歴を反映した差分ファイルを本メールに添付いたします。内容をご確認のうえご返信下り。",True,2901,231,129,37,360,0.000088,"先日ご送付いただきました機密保持契約書（NDA）のドラフトにつきまして、法務部門による確認が完了いたしました。条項の一部に修正の要望がございますので、修正履歴を反映した差分ファイルを本メールに添付いたします。内容をご確認のうえご返信ください。",True,1860,231,121,29,352,0.000191,"先日ご送付いただきました機密保持契約書（NDA）のドラフトにつきまして、法務部門による確認が完了いたしました。条項の一部に修正の要望がございますので、修正履歴を反映した差分ファイルを本メールに添付いたします。内容をご確認のうえご返信ください。"
25,True,"誤変換（同音異義語）","本日、株式会社A様を訪問し、新規導入予定の業務自動化ツールに関するデモンストレーションを実施いたしました。担当部署の部長様からも好意的な反応をいただいており、来週中に概算見張り等の提示とトライアル環境の提供を行う方向で話がまとまりました。",True,3132,236,194,95,430,0.000121,"本日、株式会社A様を訪問し、新規導入予定の業務自動化ツールに関するデモンストレーションを実施いたしました。担当部署の部長様からも好意的な反応をいただいており、来週中に概算見積もり等の提示とトライアル環境の提供を行う方向で話がまとまりました。",True,2306,236,141,42,377,0.000216,"本日、株式会社A様を訪問し、新規導入予定の業務自動化ツールに関するデモンストレーションを実施いたしました。担当部署の部長様からも好意的な反応をいただいており、来週中に概算見積もり等の提示とトライアル環境の提供を行う方向で話がまとまりました。"
26,True,"脱字（文字抜け）","定期メンテナンス作業の一環として、深夜2時よりデータベースサーバーのインデックス再構築およびバックアップ検証を実施いたします。作業中は断続的なクエリ応答遅延が発生する能性がありますが、システム全体の停止を伴うものではございません。",True,2088,234,109,13,343,0.000078,"定期メンテナンス作業の一環として、深夜2時よりデータベースサーバーのインデックス再構築およびバックアップ検証を実施いたします。作業中は断続的なクエリ応答遅延が発生する可能性がありますが、システム全体の停止を伴うものではございません。",True,1669,234,108,12,342,0.000176,"定期メンテナンス作業の一環として、深夜2時よりデータベースサーバーのインデックス再構築およびバックアップ検証を実施いたします。作業中は断続的なクエリ応答遅延が発生する可能性がありますが、システム全体の停止を伴うものではございません。"
27,True,"タイポ（カナ入れ替わり）","来月開催予定の技術カンファレンスにおきまして、弊社エンジニアによるマイクロサービス移行事例の登壇セッションが決定いたしました。オンライン配信も同時に行われますので、ご興味のある方はイベント特設サトイより事前参加登録をお願いいたします。",True,2047,227,116,29,343,0.000081,"来月開催予定の技術カンファレンスにおきまして、弊社エンジニアによるマイクロサービス移行事例の登壇セッションが決定いたしました。オンライン配信も同時に行われますので、ご興味のある方はイベント特設サイトより事前参加登録をお願いいたします。",True,1664,227,102,15,329,0.000168,"来月開催予定の技術カンファレンスにおきまして、弊社エンジニアによるマイクロサービス移行事例の登壇セッションが決定いたしました。オンライン配信も同時に行われますので、ご興味のある方はイベント特設サイトより事前参加登録をお願いいたします。"
28,True,"重複（単語重複）","当月分の経費精算申請の締め切りは、今週金曜日の18時までとなっております。領収書の原本提出が必要な案件につきましては、経理部前経理部前の専用提出ボックスへ投函をお願いいたします。期日を過ぎた申請は翌月分の処理となりますのでご注意ください。",True,1847,237,121,26,358,0.000084,"当月分の経費精算申請の締め切りは、今週金曜日の18時までとなっております。領収書の原本提出が必要な案件につきましては、経理部前の専用提出ボックスへ投函をお願いいたします。期日を過ぎた申請は翌月分の処理となりますのでご注意ください。",True,2151,237,123,28,360,0.000195,"当月分の経費精算申請の締め切りは、今週金曜日の18時までとなっております。領収書の原本提出が必要な案件につきましては、経理部前の専用提出ボックスへ投函をお願いいたします。期日を過ぎた申請は翌月分の処理となりますのでご注意ください。"
29,True,"タイポ（促音小文字化漏れ）","新年度の人事異動および組織再編に伴う内示を社内ポータルサイトにて公開いたしました。対象となる社員の皆様には所属長より個別にご連絡を差し上げます。異動に伴う引継ぎ計画書の作成および提出期限は、来月中旬までとなつております。",True,1408,236,115,18,351,0.000081,"新年度の人事異動および組織再編に伴う内示を社内ポータルサイトにて公開いたしました。対象となる社員の皆様には所属長より個別にご連絡を差し上げます。異動に伴う引継ぎ計画書の作成および提出期限は、来月中旬までとなっております。",True,2002,236,113,16,349,0.000183,"新年度の人事異動および組織再編に伴う内示を社内ポータルサイトにて公開いたしました。対象となる社員の皆様には所属長より個別にご連絡を差し上げます。異動に伴う引継ぎ計画書の作成および提出期限は、来月中旬までとなっております。"
30,True,"誤変換（同音異義語）","モバイルアプリの最新版バージョン2.0をApp StoreおよびGoogle Playにて公開いたしました。本アップデートではダークモードへの対応と起動速度の台幅な改善が含まれております。ユーザーの皆様には自動更新または手動でのアップデートを推奨いたします。",True,1925,225,136,49,361,0.000091,"モバイルアプリの最新版バージョン2.0をApp StoreおよびGoogle Playにて公開いたしました。本アップデートではダークモードへの対応と起動速度の大幅な改善が含まれております。ユーザーの皆様には自動更新または手動でのアップデートを推奨いたします。",True,1956,225,132,45,357,0.000203,"モバイルアプリの最新版バージョン2.0をApp StoreおよびGoogle Playにて公開いたしました。本アップデートではダークモードへの対応と起動速度の大幅な改善が含まれております。ユーザーの皆様には自動更新または手動でのアップデートを推奨いたします。"
