{
    "$schema": "https://schema.management.azure.com/schemas/2015-01-01/deploymentParameters.json#",
    "contentVersion": "1.0.0.0",
    "parameters": {
        "diskName": {
            "value": "osdisk-arm-template-study-dev-eastjp-001"
        },
        "location": {
            "value": "japaneast"
        },
        "sku": {
            "value": "StandardSSD_LRS"
        },
        "diskSizeGb": {
            "value": 127
        },
        "sourceResourceId": {
            "value": "/subscriptions/fc7753ed-2e69-4202-bb66-86ff5798b8d5/resourceGroups/rg-arm-template-study-dev-eastjp-001/providers/Microsoft.Compute/snapshots/snp-arm-template-study-dev-eastjp-001-20240811121624"
        },
        "hyperVGeneration": {
            "value": ""
        },
        "diskEncryptionSetType": {
            "value": "EncryptionAtRestWithPlatformKey"
        },
        "createOption": {
            "value": "copy"
        },
        "dataAccessAuthMode": {
            "value": "None"
        },
        "networkAccessPolicy": {
            "value": "AllowAll"
        },
        "publicNetworkAccess": {
            "value": "Enabled"
        }
    }
}